topic,word1,word2,word3,word4,word5,word6,word7,word8,word9,word10,template_message
0,could,teen,depression,dysphoria,would,wound,treatment,scale,study,gender,"Subject: Invitation to Participate in the {TRIAL_NAME}

Dear {PARTICIPANT_NAME},

We are excited to invite you to join our {TRIAL_NAME} at {INSTITUTION}, starting on {START_DATE}. This innovative study explores a groundbreaking combination of targeted neurostimulation and cognitive behavioral therapy for managing chronic pain. Our goal is to enhance quality of life by addressing pain intensity, with a focus that could benefit individuals experiencing conditions like depression or gender dysphoria, often linked to chronic pain.

With weekly sessions over a 12-week period, you'll receive support from experienced professionals in state-of-the-art facilities. Your participation could provide valuable insights into non-pharmacological treatments and their broader impacts.

If you're interested in contributing to this meaningful research, please contact {RESEARCH_PROFESSIONAL_NAME}, {RESEARCH_PROFESSIONAL_TITLE}, at {CONTACT_INFO} for more information. We look forward to potentially working together.

Warm regards,

The {INSTITUTION} Research Team  
{LOCATION}"
1,ive,specialty,already,negative,insurance,company,would,im,drug,research,"Subject: Invitation to Participate in the {TRIAL_NAME}

Dear {PARTICIPANT_NAME},

I hope this message finds you well. We are excited to invite you to participate in the {TRIAL_NAME} at {INSTITUTION}, led by {RESEARCH_PROFESSIONAL_NAME}, our esteemed {RESEARCH_PROFESSIONAL_TITLE}. This innovative study explores a non-drug approach combining targeted neurostimulation and cognitive behavioral therapy, offering potential relief from chronic pain without the negative side effects often associated with traditional medications.

As someone who values specialty-driven research, this trial provides a unique opportunity to contribute to groundbreaking advancements in pain management. You'll benefit from weekly sessions over 12 weeks at our state-of-the-art facilities, with follow-up assessments to track your progress.

Join us in this important research endeavor. For more details or to confirm your participation, please contact us at {CONTACT_INFO}. We look forward to potentially working together.

Warm regards,

{RESEARCH_PROFESSIONAL_NAME}  
{RESEARCH_PROFESSIONAL_TITLE}  
{INSTITUTION}  
{CONTACT_INFO}  
{LOCATION}  
{START_DATE}"
2,trial,back,new,time,get,good,therapy,much,mg,pain,"Subject: Invitation to Join an Innovative Chronic Pain Management Study

Dear {PARTICIPANT_NAME},

We are excited to invite you to participate in the {TRIAL_NAME} at {INSTITUTION}. This groundbreaking study focuses on managing chronic pain, including conditions like back pain, through a new non-pharmacological approach. Our method combines targeted neurostimulation with cognitive behavioral therapy, aiming to reduce pain intensity and enhance your quality of life.

Over a 12-week period, you'll attend weekly sessions at our state-of-the-art {LOCATION} with our team of experienced professionals, led by {RESEARCH_PROFESSIONAL_NAME}, {RESEARCH_PROFESSIONAL_TITLE}. Follow-up assessments will occur at 3 and 6 months to track your progress and benefits.

If you’re ready to explore a promising therapy without relying on mg doses of medication, this is a good time to get involved. Please contact us at {CONTACT_INFO} to learn more and secure your spot before {START_DATE}.

Warm regards,

{RESEARCH_PROFESSIONAL_NAME}  
{RESEARCH_PROFESSIONAL_TITLE}  
{INSTITUTION}"
3,case,high,treatment,study,use,many,patient,good,one,disease,"Subject: Invitation to Join the {TRIAL_NAME} at {INSTITUTION}

Dear {PARTICIPANT_NAME},

We invite you to participate in an exciting opportunity at {INSTITUTION}—the {TRIAL_NAME}. This study explores a groundbreaking non-pharmacological treatment, combining targeted neurostimulation with cognitive behavioral therapy, designed to manage chronic pain effectively. This innovative approach could significantly reduce pain intensity and enhance your quality of life.

Our trial involves a 12-week treatment protocol with follow-ups at 3 and 6 months, ensuring you receive comprehensive care throughout. You’ll benefit from our state-of-the-art facilities under the guidance of {RESEARCH_PROFESSIONAL_NAME}, a dedicated {RESEARCH_PROFESSIONAL_TITLE}, and a team of experienced medical professionals.

Join us in pioneering a treatment that holds promise for many patients seeking a good alternative to traditional methods. To participate, please contact us at {CONTACT_INFO}.

Warm regards,

{RESEARCH_PROFESSIONAL_NAME}  
{RESEARCH_PROFESSIONAL_TITLE}  
{INSTITUTION}  
{LOCATION}  
{START_DATE}"
4,like,time,get,patient,research,help,im,pain,clinical,trial,"Subject: Invitation to Join Our Innovative Chronic Pain Management Study

Dear {PARTICIPANT_NAME},

We are excited to invite you to participate in the {TRIAL_NAME} at {INSTITUTION}. This innovative clinical trial combines targeted neurostimulation with cognitive behavioral therapy to help manage chronic pain. Our goal is to not only reduce pain intensity but also enhance your quality of life.

Your interest in patient care and research aligns perfectly with our mission. Over a 12-week period, you'll attend weekly sessions at our state-of-the-art facility in {LOCATION}, supported by experienced professionals like {RESEARCH_PROFESSIONAL_NAME}, {RESEARCH_PROFESSIONAL_TITLE}. Follow-up assessments will further ensure personalized care.

If you're ready to take this step towards improved well-being, please contact us at {CONTACT_INFO}. We look forward to potentially having you join us in this exciting endeavor starting {START_DATE}.

Warm regards,

{RESEARCH_PROFESSIONAL_NAME}  
{RESEARCH_PROFESSIONAL_TITLE}  
{INSTITUTION}"
