user,topic
manicpixietrainwreck,4
Clawhands2022,4
TheIdealHominidae,3
Bbkingml13,0
Foxxinsocks,4
Stunning_Elephant_75,2
teddy_002,3
PothosPuppy,2
Sonaak_Kroinlah,4
BookyCats,1
Ibrake4tailgaters,4
Auburriito,3
ScarsOfStrength,2
taleeta2411,1
TofuNuggetBat,2
Catbooties,2
Asleep-Biscotti2065,4
OiWithThePoodlesOk,3
OiWithThePoodlesOk,2
potsandmm,4
StringFood,2
chjk_21,4
iusedtoski,4
beachbabe77,2
Previous_Score5909,4
Old-Goat,4
spineissues2018,2
Physical_Put8246,2
Pretty_waves904,2
burner_account_9975,2
Good_Particular2131,2
americanfeminist,2
Xiao_Qinggui,4
ninkadinkadoo,0
NoMenuAtKarma,2
nico_v23,2
JJscience_computer,2
Doensnow,1
Top-Squirrel6107,2
Goozmania,4
LightningTreeTrunk,4
LightningTreeTrunk,2
Sweet_Ad_153,3
Aavaox,4
dglezer,1
eegees4evr,4
YasmeenMaria,2
amweigh,0
PrestigiousAd1056,4
Delizdear,2
Radiant_Dish1639,4
George_Burdell,1
Suspicious-IceIce,4
meikawaii,4
finnoulafire,4
Calavar,1
shiftyeyedgoat,0
Front_To_My_Back_,3
NinjaRB,2
Dependent-Juice5361,3
carlos_6m,3
AngleComprehensive16,3
Uanaka,2
Dear_Insurance_2643,2
tirral,2
jampersands,2
superperrymd,0
VIRMD,2
draccumbens,3
Wappinator,4
notafakeaccounnt,1
jeremiadOtiose,4
PokeTheVeil,3
brit1027,0
blindminds,1
pillywill,4
Bust_Shoes,1
hartmd,4
Yeti_MD,2
Kassius-klay,1
Salty-Tooth-7937,4
Sheogorath_The_Mad,0
imminentscatman,2
forlornucopia,0
Damn_Dog_Inappropes,0
Inveramsay,1
Elsalla,3
GenesRUs777,1
Bearacolypse,0
SapientCorpse,0
queue517,2
jonovan,3
NoFlyingMonkeys,2
Yeti_MD,2
jayhasbigvballs,1
NoFlyingMonkeys,1
konqueror321,4
PayEmmy,3
Joshuak47,0
PokeTheVeil,4
gloatygoat,2
wooowoootrain,2
edwa6040,2
BladeDoc,0
sleepydoctorSD,2
allidoisclone,2
maxkozlov,0
dimnickwit,0
Mitthrawnuruo,3
HHMJanitor,4
Flaxmoore,0
Smegmaliciousss,1
jeremiadOtiose,1
Bootiecoaster,3
hydrocarbonsRus,4
HeyMama_,0
vaguelystem,4
LiveForFun,4
LentilDrink,2
Divrsdoitdepr,4
LiveForFun,0
eckliptic,4
toledozzz21,0
sapphireminds,3
weenies,4
averhoeven,2
Azheim,2
Tagrenine,3
Neosovereign,3
Fellainis_Elbows,2
meansofproduction20,4
SereneTranscription,0
dimnickwit,3
ChuckyMed,0
empty-health-bar,4
AutoimmuneAssoc,4
Purple-Abies3131,4
Top_Complaint8816,1
JellyfishGlitter,4
Accomplished-Soup131,4
Nicolegetz23,4
Nicolegetz23,0
RaydenAdro,2
sainboi,4
RoSa_4153640,1
DigitalHealth4CGs,0
hk81b,4
ChaoticSquirrel,3
BirdInFlight301,3
eplrluieett,2
Sunflowertdaisypoop,4
xrknrbnx,2
xrknrbnx,1
rpgedgar,0
